{"player": {"position": [2569, 1505], "health": 86, "energy": 28.43999999999484, "exp": 519.6, "stats": {"health": 100, "energy": 60, "attack": 12.0, "magic": 4, "speed": 10}, "max_stats": {"health": 300, "energy": 140, "attack": 20, "magic": 10, "speed": 10}, "speed": 5, "upgrade_cost": {"health": 100, "energy": 100, "attack": 140.0, "magic": 100, "speed": 384.15999999999997}, "weapon_index": 2, "magic_index": 1}, "level": {"dead_enemies": [17], "cut_grass": [395, 402, 398, 399, 403, 404, 405, 400, 387, 384]}}