{"player": {"position": [2347, 1685], "health": 280.59839999999997, "energy": 140, "exp": 5207.696000000002, "stats": {"health": 298.59839999999997, "energy": 140, "attack": 20, "magic": 9.95328, "speed": 10}, "max_stats": {"health": 300, "energy": 140, "attack": 20, "magic": 10, "speed": 10}, "speed": 5, "upgrade_cost": {"health": 752.9535999999999, "energy": 537.824, "attack": 384.15999999999997, "magic": 537.824, "speed": 384.15999999999997}, "weapon_index": 0, "magic_index": 0}, "level": {"dead_enemies": [17, 23, 24, 30], "cut_grass": [402]}}